Genre	Category	Country Name	Country	Area 2	Area 1		IF(ISBLANK($C2), "", LOWER(VLOOKUP($C2, 'country master'!$B:$I,2, FALSE)) )
21st century classical	classic						
a cappella	traditional						
aberdeen indie	alternative	United Kingdom of Great Britain and Northern Ireland	gb	Western Europe	Europe		
abstract beats	electronic						
abstract hip hop	hip hop						
accordion	traditional						
acid house	electronic						
acid trance	electronic						
acoustic chill	electronic						
acoustic opm	pop	Philippines	ph	South Eastern Asia	Asia		
acoustic pop	pop						
adoracao	classic						
adoracion	classic						
adult standards	pop						
african electronic	electronic				Africa		
african experimental	electronic				Africa		
african rock	rock				Africa		
afrikaans		South Africa	za	Southern Africa	Africa		
afrikaans folk	traditional	South Africa	za	Southern Africa	Africa		
afro dancehall	dance				Africa		
afro house	electronic				Africa		
afrobeat	dance						
afrobeat brasileiro	dance	Brazil	br	Southern America	America		
afrofuturism	electronic						
afrofuturismo brasileiro	electronic	Brazil	br	Southern America	America		
afropop	pop				Africa		
alabama indie	alternative	United States of America	us	Northern America	America		
alabama rap	hip hop	United States of America	us	Northern America	America		
albanian hip hop	hip hop	Albania	al	Eastern Europe	Europe		
albanian pop	pop	Albania	al	Eastern Europe	Europe		
albany ny indie	alternative	United States of America	us	Northern America	America		
alberta country	traditional	Canada	ca	Northern America	America		
album rock	rock						
albuquerque indie	alternative	United States of America	us	Northern America	America		
alt-idol	pop						
alternative americana	alternative	United States of America	us	Northern America	America		
alternative ccm	alternative						
alternative country	traditional						
alternative dance	dance						
alternative emo	alternative						
alternative hip hop	hip hop						
alternative metal	metal						
alternative pop rock	rock						
alternative r&b	r&b						
alternative rock	rock						
alternative roots rock	rock						
amapiano	electronic	South Africa	za	Southern Africa	Africa		
ambeat	electronic						
ambient	electronic						
ambient folk	traditional						
ambient idm	electronic						
ambient techno	electronic						
ambient worship	electronic						
american 21st century classical	classic						
american contemporary classical	classic						
american modern classical	classic						
anime	pop						
anime latino	pop						
anime rock	rock						
anime score	pop						
anthem emo	rock						
anthem worship	traditional						
anti-folk	traditional						
antideutsche		Germany	de	Western Europe	Europe		
antiviral pop	pop						
arab alternative	alternative			Middle Eastern	Middle Eastern		
arab pop	pop			Middle Eastern	Middle Eastern		
arab trap	electronic			Middle Eastern	Middle Eastern		
arabesk				Middle Eastern	Middle Eastern		
arabic hip hop	hip hop			Middle Eastern	Middle Eastern		
argentine hip hop	hip hop	Argentina	ar	Southern America	America		
argentine indie	alternative	Argentina	ar	Southern America	America		
argentine rock	rock	Argentina	ar	Southern America	America		
argentine telepop	pop	Argentina	ar	Southern America	America		
arkansas country	traditional	United States of America	us	Northern America	America		
armenian pop	pop	Armenia	am	Eastern Europe	Europe		
art pop	pop						
art punk	rock						
art rock	rock						
asbury park indie	alternative	United States of America	us	Northern America	America		
atl hip hop	hip hop	United States of America	us	Northern America	America		
atl trap	dance	United States of America	us	Northern America	America		
atlanta indie	alternative	United States of America	us	Northern America	America		
auckland indie	alternative	New Zealand	nz	Oceania	Oceania		
aussie drill	electronic	Australia	au	Oceania	Oceania		
aussietronica	electronic	Australia	au	Oceania	Oceania		
austin americana	traditional	United States of America	us	Northern America	America		
austin hip hop	hip hop	United States of America	us	Northern America	America		
austindie	alternative	United States of America	us	Northern America	America		
australian alternative pop	pop	Australia	au	Oceania	Oceania		
australian alternative rock	rock	Australia	au	Oceania	Oceania		
australian comedy	pop	Australia	au	Oceania	Oceania		
australian country	traditional	Australia	au	Oceania	Oceania		
australian dance	dance	Australia	au	Oceania	Oceania		
australian electropop	electronic	Australia	au	Oceania	Oceania		
australian garage punk	rock	Australia	au	Oceania	Oceania		
australian hip hop	hip hop	Australia	au	Oceania	Oceania		
australian house	electronic	Australia	au	Oceania	Oceania		
australian indie	alternative	Australia	au	Oceania	Oceania		
australian indie folk	alternative	Australia	au	Oceania	Oceania		
australian indie rock	alternative	Australia	au	Oceania	Oceania		
australian indigenous		Australia	au	Oceania	Oceania		
australian metalcore	metal	Australia	au	Oceania	Oceania		
australian pop	pop	Australia	au	Oceania	Oceania		
australian post-hardcore	metal	Australia	au	Oceania	Oceania		
australian psych	rock	Australia	au	Oceania	Oceania		
australian r&b	r&b	Australia	au	Oceania	Oceania		
australian reggae fusion	hip hop	Australia	au	Oceania	Oceania		
australian rock	rock	Australia	au	Oceania	Oceania		
australian shoegaze	rock	Australia	au	Oceania	Oceania		
australian singer-songwriter	pop	Australia	au	Oceania	Oceania		
australian talent show	pop	Australia	au	Oceania	Oceania		
australian trap	dance	Australia	au	Oceania	Oceania		
austrian pop	pop	Austria	at	Eastern Europe	Europe		
avant-garde							
avant-garde jazz							
axe		Brazil	br	Southern America	America		
azeri traditional		Azerbaijan	az	Eastern Europe	Europe		
azonto		Ghana	gh	Western Africa	Africa		
azontobeats		Ghana	gh	Western Africa	Africa		
bachata		Dominican Republic	do	Central America	America		
background music							
bahamian pop		Bahamas	bs	Central America	America		
baile pop		Brazil	br	Southern America	America		
balkan brass				Eastern Europe	Europe		
baltimore hip hop		United States of America	us	Northern America	America		
baltimore indie		United States of America	us	Northern America	America		
banda		Mexico	mx	Central America	America		
bandoneon							
banjo							
barbadian pop		Barbados	bb	Central America	America		
barbershop							
baroque							
baroque pop							
basel indie		Switzerland	ch	Western Europe	Europe		
bass house		Switzerland	ch	Western Europe	Europe		
bass music							
bass trap							
basshall							
bassline							
batida							
baton rouge rap		United States of America	us	Northern America	America		
battle rap							
bay area indie		United States of America	us	Northern America	America		
bboy							
bc underground hip hop							
bebop							
bedroom pop							
bedroom soul							
belgian dance		Belgium	be	Western Europe	Europe		
belgian edm		Belgium	be	Western Europe	Europe		
belgian hip hop		Belgium	be	Western Europe	Europe		
belgian pop		Belgium	be	Western Europe	Europe		
belgian rock		Belgium	be	Western Europe	Europe		
belgian techno		Belgium	be	Western Europe	Europe		
belly dance							
bergen indie		Norway	no	Northern Europe	Europe		
bhangra		India	in	Southern Asia	Asia		
big band							
big beat							
big room							
birmingham grime		United Kingdom of Great Britain and Northern Ireland	gb	Western Europe	Europe		
birmingham hip hop		United Kingdom of Great Britain and Northern Ireland	gb	Western Europe	Europe		
birmingham indie		United Kingdom of Great Britain and Northern Ireland	gb	Western Europe	Europe		
birmingham metal		United Kingdom of Great Britain and Northern Ireland	gb	Western Europe	Europe		
bitpop							
black comedy							
bleep techno							
bluegrass							
blues							
blues rock							
bmore							
boeremusiek							
bolero							
bongo flava							
boom bap							
bossa nova		Brazil	br	Southern America	America		
bossa nova cover		Brazil	br	Southern America	America		
boston hip hop		United States of America	us	Northern America	America		
boston indie		United States of America	us	Northern America	America		
boston punk		United States of America	us	Northern America	America		
boston rock		United States of America	us	Northern America	America		
bounce							
bow pop							
boy band							
brasilia hip hop		Brazil	br	Southern America	America		
brass band							
brazilian boogie		Brazil	br	Southern America	America		
brazilian edm		Brazil	br	Southern America	America		
brazilian hip hop		Brazil	br	Southern America	America		
brazilian house		Brazil	br	Southern America	America		
brazilian percussion		Brazil	br	Southern America	America		
brazilian reggae		Brazil	br	Southern America	America		
brazilian rock		Brazil	br	Southern America	America		
breakbeat							
brega funk		Brazil	br	Southern America	America		
brega romantico		Brazil	br	Southern America	America		
brighton indie		United Kingdom of Great Britain and Northern Ireland	gb	Western Europe	Europe		
brill building pop							
brisbane indie		Australia	au	Oceania	Oceania		
bristol electronic		United Kingdom of Great Britain and Northern Ireland	gb	Western Europe	Europe		
british alternative rock		United Kingdom of Great Britain and Northern Ireland	gb	Western Europe	Europe		
british blues		United Kingdom of Great Britain and Northern Ireland	gb	Western Europe	Europe		
british country		United Kingdom of Great Britain and Northern Ireland	gb	Western Europe	Europe		
british folk		United Kingdom of Great Britain and Northern Ireland	gb	Western Europe	Europe		
british indie rock		United Kingdom of Great Britain and Northern Ireland	gb	Western Europe	Europe		
british invasion		United Kingdom of Great Britain and Northern Ireland	gb	Western Europe	Europe		
british jazz		United Kingdom of Great Britain and Northern Ireland	gb	Western Europe	Europe		
british modern classical		United Kingdom of Great Britain and Northern Ireland	gb	Western Europe	Europe		
british post-rock		United Kingdom of Great Britain and Northern Ireland	gb	Western Europe	Europe		
british singer-songwriter		United Kingdom of Great Britain and Northern Ireland	gb	Western Europe	Europe		
british soul		United Kingdom of Great Britain and Northern Ireland	gb	Western Europe	Europe		
british soundtrack		United Kingdom of Great Britain and Northern Ireland	gb	Western Europe	Europe		
britpop		United Kingdom of Great Britain and Northern Ireland	gb	Western Europe	Europe		
broadway							
broken beat							
bronx hip hop		United States of America	us	Northern America	America		
brooklyn indie		United States of America	us	Northern America	America		
brostep							
bubble trance							
bubblegum dance							
bubblegum pop							
c-pop		China	cn	Eastern Asia	Asia		
cali rap		United States of America	us	Northern America	America		
calming instrumental							
canadian contemporary country		Canada	ca	Northern America	America		
canadian contemporary r&b		Canada	ca	Northern America	America		
canadian country		Canada	ca	Northern America	America		
canadian electronic		Canada	ca	Northern America	America		
canadian electropop		Canada	ca	Northern America	America		
canadian folk		Canada	ca	Northern America	America		
canadian hip hop		Canada	ca	Northern America	America		
canadian house		Canada	ca	Northern America	America		
canadian indie		Canada	ca	Northern America	America		
canadian latin		Canada	ca	Northern America	America		
canadian metal		Canada	ca	Northern America	America		
canadian pop		Canada	ca	Northern America	America		
canadian rock		Canada	ca	Northern America	America		
canadian singer-songwriter		Canada	ca	Northern America	America		
cancion melodica							
candy pop							
cantautor							
cantopop		China	cn	Eastern Asia	Asia		
cape town indie		South Africa	za	Southern Africa	Africa		
cape verdean folk		Cabo Verde	cv	Western Africa	Africa		
carnaval							
carnaval cadiz							
cartoon							
catstep							
ccm							
cdmx indie		Mexico	mx	Central America	America		
cedm							
cello							
celtic							
celtic punk				Western Europe	Europe		
celtic rock				Western Europe	Europe		
chamber orchestra							
chamber pop							
chamber psych							
champeta							
channel islands indie		United Kingdom of Great Britain and Northern Ireland	gb	Western Europe	Europe		
channel pop							
chanson		France	fr	Western Europe	Europe		
charlotte nc indie		United States of America	us	Northern America	America		
charlottesville indie		United States of America	us	Northern America	America		
charred death							
chattanooga indie		United States of America	us	Northern America	America		
chicago drill		United States of America	us	Northern America	America		
chicago hardcore		United States of America	us	Northern America	America		
chicago house		United States of America	us	Northern America	America		
chicago indie		United States of America	us	Northern America	America		
chicago punk		United States of America	us	Northern America	America		
chicago rap		United States of America	us	Northern America	America		
chicano rap		Mexico	mx	Central America	America		
children's music							
chilean hardcore		Chile	cl	Southern America	America		
chilean indie		Chile	cl	Southern America	America		
chill beats							
chill guitar							
chillhop							
chillstep							
chillwave							
chinese audiophile		China	cn	Eastern Asia	Asia		
chinese drama ost		China	cn	Eastern Asia	Asia		
chinese electronic		China	cn	Eastern Asia	Asia		
chinese electropop		China	cn	Eastern Asia	Asia		
chinese folk		China	cn	Eastern Asia	Asia		
chinese hip hop		China	cn	Eastern Asia	Asia		
chinese idol pop		China	cn	Eastern Asia	Asia		
chinese indie		China	cn	Eastern Asia	Asia		
chinese indie rock		China	cn	Eastern Asia	Asia		
chinese jazz		China	cn	Eastern Asia	Asia		
chinese metal		China	cn	Eastern Asia	Asia		
chinese minyao		China	cn	Eastern Asia	Asia		
chinese new year		China	cn	Eastern Asia	Asia		
chinese post-rock		China	cn	Eastern Asia	Asia		
chinese soundtrack		China	cn	Eastern Asia	Asia		
chinese worship		China	cn	Eastern Asia	Asia		
choral							
christelijk							
christian alternative rock							
christian dance							
christian hip hop							
christian indie							
christian metal							
christian music							
christian pop							
christian relaxative							
christian trap							
christian uplift							
christlicher rap							
christmas instrumental							
cincinnati indie		United States of America	us	Northern America	America		
circuit							
classic arab pop				Middle Eastern	Middle Eastern		
classic canadian rock		Canada	ca	Northern America	America		
classic cantopop		China	cn	Eastern Asia	Asia		
classic country pop							
classic danish pop		Denmark	dk	Northern Europe	Europe		
classic finnish pop		Finland	fi	Northern Europe	Europe		
classic garage rock							
classic girl group							
classic iskelma		Finland	fi	Northern Europe	Europe		
classic israeli pop		Israel	il	Middle Eastern	Middle Eastern		
classic italian pop		Italy	it	Western Europe	Europe		
classic mandopop		China	cn	Eastern Asia	Asia		
classic norwegian pop		Norway	no	Northern Europe	Europe		
classic opm		Philippines	ph	South Eastern Asia	Asia		
classic pakistani pop		Pakistan	pk	Southern Asia	Asia		
classic rock							
classic russian pop		Russian Federation	ru	Russia	Europe		
classic soul							
classic soundtrack							
classic swedish pop		Sweden	se	Northern Europe	Europe		
classic uk pop		United Kingdom of Great Britain and Northern Ireland	gb	Western Europe	Europe		
classical	classic						
classical accordion	classic						
classical cello	classic						
classical era	classic						
classical mandolin	classic						
classical performance	classic						
classical piano	classic						
classical soprano	classic						
classical tenor	classic						
classical trumpet	classic						
cologne electronic		Germany	de	Western Europe	Europe		
cologne indie		Germany	de	Western Europe	Europe		
colombian hip hop		Colombia	co	Southern America	America		
colombian indie		Colombia	co	Southern America	America		
colombian pop		Colombia	co	Southern America	America		
columbus ohio indie		United States of America	us	Northern America	America		
comedienne							
comedy							
comedy rap							
comedy rock							
comic							
comic metal							
complextro							
compositional ambient							
conscious hip hop							
contemporary classical							
contemporary country							
contemporary jazz							
contemporary post-bop							
contemporary vocal jazz							
cool jazz							
cork indie		Ireland	ie	Western Europe	Europe		
cornetas y tambores							
corrido		Mexico	mx	Central America	America		
cosmic post-rock							
country							
country dawn							
country pop							
country rap							
country road							
country rock							
coverchill							
croatian pop		Croatia	hr	Eastern Europe	Europe		
crunk							
cuban alternative		Cuba	cu	Central America	America		
cubaton		Cuba	cu	Central America	America		
cumbia		Colombia	co	Southern America	America		
cumbia pop		Colombia	co	Southern America	America		
cumbia villera		Colombia	co	Southern America	America		
cyberpunk							
czech pop		Czechia	cz	Eastern Europe	Europe		
dakke dak							
dance pop							
dance rock							
dance-punk							
dancehall							
dangdut		Indonesia	id	South Eastern Asia	Asia		
dangdut koplo		Indonesia	id	South Eastern Asia	Asia		
dangdut remix		Indonesia	id	South Eastern Asia	Asia		
danish alternative rock		Denmark	dk	Northern Europe	Europe		
danish electronic		Denmark	dk	Northern Europe	Europe		
danish electropop		Denmark	dk	Northern Europe	Europe		
danish hip hop		Denmark	dk	Northern Europe	Europe		
danish pop		Denmark	dk	Northern Europe	Europe		
danish pop rock		Denmark	dk	Northern Europe	Europe		
dansband							
danseband							
danspunk							
dark disco							
dark jazz							
dark techno							
dark trap							
dark wave							
deathcore							
deathstep							
deep adult standards							
deep big room							
deep brazilian pop		Brazil	br	Southern America	America		
deep ccm							
deep dance pop							
deep disco house							
deep euro house							
deep filthstep							
deep flow							
deep funk							
deep funk ostentacao							
deep german hip hop		Germany	de	Western Europe	Europe		
deep groove house							
deep house							
deep indie singer-songwriter							
deep latin alternative				Southern America	America		
deep melodic euro house					Europe		
deep new americana		United States of America	us	Northern America	America		
deep pop edm							
deep pop r&b							
deep progressive house							
deep progressive trance							
deep soundtrack							
deep southern trap							
deep talent show							
deep techno							
deep tropical house							
deep turkish pop		Turkey	tr	Middle Eastern	Middle Eastern		
deep underground hip hop							
deep uplifting trance							
dembow		Jamaica	jm	Central America	America		
demoscene							
denpa-kei		Japan	jp	Eastern Asia	Asia		
denton tx indie		United States of America	us	Northern America	America		
desert blues				Western Africa	Africa		
desi hip hop		India	in	Southern Asia	Asia		
desi pop		India	in	Southern Asia	Asia		
destroy techno							
detroit hip hop		United States of America	us	Northern America	America		
detroit indie		United States of America	us	Northern America	America		
detroit trap		United States of America	us	Northern America	America		
devon indie		United Kingdom of Great Britain and Northern Ireland	gb	Western Europe	Europe		
dfw rap							
dinner jazz							
dirty south rap		United States of America	us	Northern America	America		
disco							
disco house							
disney							
disney espanol							
diva house							
dixieland							
diy emo							
djent							
dmv rap							
dominican pop		Dominican Republic	do	Central America	America		
dong-yo		Korea, Republic of	kr	Eastern Asia	Asia		
doo-wop							
doom metal							
doujin		Japan	jp	Eastern Asia	Asia		
downtempo							
dream pop							
dream trance							
dreamo							
drift							
drill							
drone							
drone metal							
drum and bass							
dub techno							
dubstep							
dutch americana		Germany	de	Western Europe	Europe		
dutch edm		Germany	de	Western Europe	Europe		
dutch hip hop		Germany	de	Western Europe	Europe		
dutch house		Germany	de	Western Europe	Europe		
dutch indie		Germany	de	Western Europe	Europe		
dutch metal		Germany	de	Western Europe	Europe		
dutch pop		Germany	de	Western Europe	Europe		
dutch r&b		Germany	de	Western Europe	Europe		
dutch rock		Germany	de	Western Europe	Europe		
dutch tech house		Germany	de	Western Europe	Europe		
dutch urban		Germany	de	Western Europe	Europe		
early modern classical							
early music							
early romantic era							
east anglia indie		United Kingdom of Great Britain and Northern Ireland	gb	Western Europe	Europe		
east coast hip hop		United States of America	us	Northern America	America		
easy listening							
easycore							
eau claire indie		United States of America	us	Northern America	America		
ecm-style jazz							
ectofolk							
ecuadorian pop		Ecuador	ec	Southern America	America		
edm							
edmonton indie		Canada	ca	Northern America	America		
egyptian pop		Egypt	eg	Northern Africa	Africa		
el paso indie		United States of America	us	Northern America	America		
electra							
electric bass							
electric blues							
electro							
electro house							
electro jazz							
electro latino							
electroclash							
electronic djent							
electronic rock							
electronic trap							
electronica							
electronicore							
electropop							
electropowerpop							
emo							
emo punk							
emo rap							
english indie rock		United Kingdom of Great Britain and Northern Ireland	gb	Western Europe	Europe		
epicore							
escape room							
esperanto							
estonian hip hop		Estonia	ee	Eastern Europe	Europe		
estonian pop		Estonia	ee	Eastern Europe	Europe		
ethereal wave							
etherpop							
ethnotronica							
euphoric hardstyle							
eurodance					Europe		
europop					Europe		
eurovision					Europe		
experimental							
experimental electronic							
experimental hip hop							
experimental house							
experimental pop							
experimental rock							
experimental vocal							
fidget house							
filmi							
filter house							
filthstep							
fingerstyle							
finnish dance pop		Finland	fi	Northern Europe	Europe		
finnish edm		Finland	fi	Northern Europe	Europe		
finnish hip hop		Finland	fi	Northern Europe	Europe		
finnish indie		Finland	fi	Northern Europe	Europe		
finnish pop		Finland	fi	Northern Europe	Europe		
firenze indie		Italy	it	Western Europe	Europe		
float house							
florida rap		United States of America	us	Northern America	America		
fluxwork							
fo jing		China	cn	Eastern Asia	Asia		
focus							
focus trance							
folk							
folk brasileiro		Brazil	br	Southern America	America		
folk punk							
folk rock							
folk rock italiano		Italy	it	Western Europe	Europe		
folk-pop							
folktronica							
football							
forro		Brazil	br	Southern America	America		
fourth world							
francoton							
freak folk							
freakbeat							
free improvisation							
free jazz							
french hip hop		France	fr	Western Europe	Europe		
french indie pop		France	fr	Western Europe	Europe		
french indietronica		France	fr	Western Europe	Europe		
french jazz		France	fr	Western Europe	Europe		
french pop		France	fr	Western Europe	Europe		
french rock		France	fr	Western Europe	Europe		
french shoegaze		France	fr	Western Europe	Europe		
french soundtrack		France	fr	Western Europe	Europe		
full on							
funk							
funk bh							
funk carioca		Brazil	br	Southern America	America		
funk das antigas							
funk metal							
funk ostentacao							
funk rock							
funky tech house							
future funk							
future garage							
future house							
future rock							
g funk							
gabba							
gamecore							
gaming edm							
gangster rap							
garage psych							
garage rock							
gauze pop							
geek rock							
gengetone							
german alternative rap		Germany	de	Western Europe	Europe		
german baroque		Germany	de	Western Europe	Europe		
german cloud rap		Germany	de	Western Europe	Europe		
german dance		Germany	de	Western Europe	Europe		
german hip hop		Germany	de	Western Europe	Europe		
german house		Germany	de	Western Europe	Europe		
german indie		Germany	de	Western Europe	Europe		
german metal		Germany	de	Western Europe	Europe		
german pop		Germany	de	Western Europe	Europe		
german rock		Germany	de	Western Europe	Europe		
german singer-songwriter		Germany	de	Western Europe	Europe		
german soundtrack		Germany	de	Western Europe	Europe		
german techno		Germany	de	Western Europe	Europe		
german underground rap		Germany	de	Western Europe	Europe		
ghanaian hip hop		Ghana	gh	Western Africa	Africa		
ghent indie		Belgium	be	Western Europe	Europe		
girl group							
glam metal							
glam punk							
glam rock							
glasgow indie		United Kingdom of Great Britain and Northern Ireland	gb	Western Europe	Europe		
glitch							
glitch hop							
glitch pop							
gnawa		Morocco	ma	Northern Africa	Africa		
gospel							
gospel singers							
gothenburg hip hop		Sweden	se	Northern Europe	Europe		
gothenburg indie		Sweden	se	Northern Europe	Europe		
gothenburg metal		Sweden	se	Northern Europe	Europe		
gothic metal							
gothic rock							
gothic symphonic metal							
gqom							
granada indie		Spain	es	Western Europe	Europe		
grave wave							
greek indie		Greece	gr	Western Europe	Europe		
greek pop		Greece	gr	Western Europe	Europe		
grime							
groove metal							
groove room							
grunge							
grupera							
guadalajara indie		Mexico	mx	Central America	America		
guaracha		Cuba	cu	Central America	America		
guatemalan pop		Guatemala	gt	Central America	America		
gulf hip hop							
gypsy fusion				Eastern Europe	Europe		
gypsy jazz				Eastern Europe	Europe		
gypsy punk				Eastern Europe	Europe		
haitian gospel		Haiti	ht	Central America	America		
halloween							
hamburg electronic		Germany	de	Western Europe	Europe		
hamburg hip hop		Germany	de	Western Europe	Europe		
hammond organ		Germany	de	Western Europe	Europe		
hands up							
happy hardcore							
hard bass							
hard bop							
hard rock							
hardcore							
hardcore hip hop							
hardcore punk							
hardcore techno							
hardstyle							
harlem hip hop							
hawaiian hip hop		United States of America	us	Northern America	America		
heartland rock							
heavy alternative							
hip hop							
hip hop tuga		Portugal	pt	Western Europe	Europe		
hip house							
hip pop							
hokkien pop		Taiwan, Province of China[a]	tw	Eastern Asia	Asia		
hollywood		United States of America	us	Northern America	America		
hong kong hip hop		Hong Kong	hk	Eastern Asia	Asia		
hong kong indie		Hong Kong	hk	Eastern Asia	Asia		
honky tonk							
hopebeat							
horror punk							
horror synth							
house							
houston rap		United States of America	us	Northern America	America		
hungarian metal		Hungary	hu	Eastern Europe	Europe		
hungarian pop		Hungary	hu	Eastern Europe	Europe		
hyperpop							
hyphy							
icelandic classical		Iceland	is	Northern Europe	Europe		
icelandic electronic		Iceland	is	Northern Europe	Europe		
icelandic experimental		Iceland	is	Northern Europe	Europe		
icelandic folk		Iceland	is	Northern Europe	Europe		
icelandic indie		Iceland	is	Northern Europe	Europe		
icelandic pop		Iceland	is	Northern Europe	Europe		
icelandic rock		Iceland	is	Northern Europe	Europe		
idol							
idol rock							
indian edm		India	in	Southern Asia	Asia		
indian folk		India	in	Southern Asia	Asia		
indian indie		India	in	Southern Asia	Asia		
indian rock		India	in	Southern Asia	Asia		
indie anthem-folk							
indie cafe pop							
indie catala							
indie curitibano		Brazil	br	Southern America	America		
indie deutschrap		Germany	de	Western Europe	Europe		
indie electronica							
indie electropop							
indie folk							
indie folk italiano		Italy	it	Western Europe	Europe		
indie garage rock							
indie jazz							
indie liguria		Italy	it	Western Europe	Europe		
indie pop							
indie pop rap							
indie pop rock							
indie poptimism							
indie psych-pop							
indie punk							
indie quebecois		Canada	ca	Northern America	America		
indie r&b							
indie rock							
indie rock italiano		Italy	it	Western Europe	Europe		
indie rockism							
indie singer-songwriter							
indie soul							
indie surf							
indie valenciana		Spain	es	Western Europe	Europe		
indie viet		Viet Nam	vn	South Eastern Asia	Asia		
indiecoustica							
indietronica							
indonesian city pop		Indonesia	id	South Eastern Asia	Asia		
indonesian edm		Indonesia	id	South Eastern Asia	Asia		
indonesian folk		Indonesia	id	South Eastern Asia	Asia		
indonesian hip hop		Indonesia	id	South Eastern Asia	Asia		
indonesian indie		Indonesia	id	South Eastern Asia	Asia		
indonesian indie pop		Indonesia	id	South Eastern Asia	Asia		
indonesian jazz		Indonesia	id	South Eastern Asia	Asia		
indonesian pop		Indonesia	id	South Eastern Asia	Asia		
indonesian pop punk		Indonesia	id	South Eastern Asia	Asia		
indonesian r&b		Indonesia	id	South Eastern Asia	Asia		
industrial							
industrial hip hop							
industrial metal							
industrial rock							
instrumental bluegrass							
instrumental funk							
instrumental grime							
instrumental math rock							
instrumental post-rock							
intelligent dance music							
irish drill		Ireland	ie	Western Europe	Europe		
irish folk		Ireland	ie	Western Europe	Europe		
irish hip hop		Ireland	ie	Western Europe	Europe		
irish indie		Ireland	ie	Western Europe	Europe		
irish pop		Ireland	ie	Western Europe	Europe		
irish rock		Ireland	ie	Western Europe	Europe		
irish singer-songwriter		Ireland	ie	Western Europe	Europe		
iskelma		Germany	de	Western Europe	Europe		
isle of wight indie		United Kingdom of Great Britain and Northern Ireland	gb	Western Europe	Europe		
israeli hip hop		Israel	il	Middle Eastern	Middle Eastern		
israeli indie		Israel	il	Middle Eastern	Middle Eastern		
israeli jazz		Israel	il	Middle Eastern	Middle Eastern		
israeli mediterranean		Israel	il	Middle Eastern	Middle Eastern		
israeli pop		Israel	il	Middle Eastern	Middle Eastern		
israeli rock		Israel	il	Middle Eastern	Middle Eastern		
israeli singer-songwriter		Israel	il	Middle Eastern	Middle Eastern		
israeli trap		Israel	il	Middle Eastern	Middle Eastern		
italian alternative		Italy	it	Western Europe	Europe		
italian arena pop		Italy	it	Western Europe	Europe		
italian contemporary jazz		Italy	it	Western Europe	Europe		
italian electronica		Italy	it	Western Europe	Europe		
italian gothic		Italy	it	Western Europe	Europe		
italian gothic metal		Italy	it	Western Europe	Europe		
italian hip hop		Italy	it	Western Europe	Europe		
italian indie pop		Italy	it	Western Europe	Europe		
italian metal		Italy	it	Western Europe	Europe		
italian pop		Italy	it	Western Europe	Europe		
italian pop rock		Italy	it	Western Europe	Europe		
italian reggae		Italy	it	Western Europe	Europe		
italian ska		Italy	it	Western Europe	Europe		
italian tenor		Italy	it	Western Europe	Europe		
italian underground hip hop		Italy	it	Western Europe	Europe		
italo dance		Italy	it	Western Europe	Europe		
j-acoustic		Japan	jp	Eastern Asia	Asia		
j-core		Japan	jp	Eastern Asia	Asia		
j-dance		Japan	jp	Eastern Asia	Asia		
j-division		Japan	jp	Eastern Asia	Asia		
j-idol		Japan	jp	Eastern Asia	Asia		
j-indie		Japan	jp	Eastern Asia	Asia		
j-metal		Japan	jp	Eastern Asia	Asia		
j-pixie		Japan	jp	Eastern Asia	Asia		
j-pop		Japan	jp	Eastern Asia	Asia		
j-pop boy group		Japan	jp	Eastern Asia	Asia		
j-pop girl group		Japan	jp	Eastern Asia	Asia		
j-poprock		Japan	jp	Eastern Asia	Asia		
j-rap		Japan	jp	Eastern Asia	Asia		
j-rock		Japan	jp	Eastern Asia	Asia		
jacksonville indie		United States of America	us	Northern America	America		
jam band							
jamtronica							
jangle pop							
japanese alternative rock		Japan	jp	Eastern Asia	Asia		
japanese chillhop		Japan	jp	Eastern Asia	Asia		
japanese city pop		Japan	jp	Eastern Asia	Asia		
japanese classical		Japan	jp	Eastern Asia	Asia		
japanese classical performance		Japan	jp	Eastern Asia	Asia		
japanese dream pop		Japan	jp	Eastern Asia	Asia		
japanese electropop		Japan	jp	Eastern Asia	Asia		
japanese emo		Japan	jp	Eastern Asia	Asia		
japanese garage rock		Japan	jp	Eastern Asia	Asia		
japanese heavy metal		Japan	jp	Eastern Asia	Asia		
japanese indie folk		Japan	jp	Eastern Asia	Asia		
japanese indie pop		Japan	jp	Eastern Asia	Asia		
japanese indie rock		Japan	jp	Eastern Asia	Asia		
japanese instrumental		Japan	jp	Eastern Asia	Asia		
japanese jazz fusion		Japan	jp	Eastern Asia	Asia		
japanese math rock		Japan	jp	Eastern Asia	Asia		
japanese metalcore		Japan	jp	Eastern Asia	Asia		
japanese pop punk		Japan	jp	Eastern Asia	Asia		
japanese post-hardcore		Japan	jp	Eastern Asia	Asia		
japanese post-rock		Japan	jp	Eastern Asia	Asia		
japanese power metal		Japan	jp	Eastern Asia	Asia		
japanese psychedelic rock		Japan	jp	Eastern Asia	Asia		
japanese punk rock		Japan	jp	Eastern Asia	Asia		
japanese r&b		Japan	jp	Eastern Asia	Asia		
japanese shoegaze		Japan	jp	Eastern Asia	Asia		
japanese singer-songwriter		Japan	jp	Eastern Asia	Asia		
japanese soul		Japan	jp	Eastern Asia	Asia		
japanese soundtrack		Japan	jp	Eastern Asia	Asia		
japanese trap		Japan	jp	Eastern Asia	Asia		
jawaiian		United States of America	us	Northern America	America		
jazz							
jazz accordion							
jazz blues							
jazz boom bap							
jazz double bass							
jazz drums							
jazz funk							
jazz fusion							
jazz guitar							
jazz organ							
jazz piano							
jazz quartet							
jazz rap							
jazz saxophone							
jazz trio							
jazz trumpet							
jazz vibraphone							
jazztronica							
jersey club		United States of America	us	Northern America	America		
jewish hip hop							
jewish pop							
jump blues							
jump up							
jumpstyle							
jungle							
k-hop		Korea, Republic of	kr	Eastern Asia	Asia		
k-indie		Korea, Republic of	kr	Eastern Asia	Asia		
k-pop		Korea, Republic of	kr	Eastern Asia	Asia		
k-pop boy group		Korea, Republic of	kr	Eastern Asia	Asia		
k-pop girl group		Korea, Republic of	kr	Eastern Asia	Asia		
k-rock		Korea, Republic of	kr	Eastern Asia	Asia		
karadeniz halk muzigi		Turkey	tr	Middle Eastern	Middle Eastern		
karaoke							
kavkaz		Russian Federation	ru	Russia	Europe		
kawaii future bass							
kawaii metal		Japan	jp	Eastern Asia	Asia		
kazakh pop		Kazakhstan	kz	Central Asia	Asia		
kent indie		United Kingdom of Great Britain and Northern Ireland	gb	Western Europe	Europe		
kentucky indie		United States of America	us	Northern America	America		
khmer		Cambodia	kh	South Eastern Asia	Asia		
kingston on indie		Canada	ca	Northern America	America		
kiwi rock		New Zealand	nz	Oceania	Oceania		
komedi							
korean indie rock		Korea, Republic of	kr	Eastern Asia	Asia		
korean jazz		Korea, Republic of	kr	Eastern Asia	Asia		
korean pop		Korea, Republic of	kr	Eastern Asia	Asia		
korean r&b		Korea, Republic of	kr	Eastern Asia	Asia		
korean trap		Korea, Republic of	kr	Eastern Asia	Asia		
kosovan pop		Kosovo	ks	Eastern Europe	Europe		
kwaito		South Africa	za	Southern Africa	Africa		
kwaito house		South Africa	za	Southern Africa	Africa		
la indie		United States of America	us	Northern America	America		
la pop		United States of America	us	Northern America	America		
laiko		Greece	gr	Western Europe	Europe		
late romantic era							
latin							
latin afrobeat							
latin alternative							
latin arena pop							
latin funk							
latin hip hop							
latin jazz							
latin pop							
latin rock							
latin talent show							
latin viral pop							
latino comedy							
latintronica							
lds youth							
lebanese pop		Lebanon	lb	Middle Eastern	Middle Eastern		
leeds indie		United Kingdom of Great Britain and Northern Ireland	gb	Western Europe	Europe		
leicester indie		United Kingdom of Great Britain and Northern Ireland	gb	Western Europe	Europe		
lgbtq+ hip hop							
lilith							
liquid funk							
lithuanian electronic		Lithuania	lt	Eastern Europe	Europe		
lithuanian pop		Lithuania	lt	Eastern Europe	Europe		
lithuanian rock		Lithuania	lt	Eastern Europe	Europe		
liverpool indie		United Kingdom of Great Britain and Northern Ireland	gb	Western Europe	Europe		
livetronica							
lo star							
lo-fi							
lo-fi beats							
lo-fi chill							
london indie		United Kingdom of Great Britain and Northern Ireland	gb	Western Europe	Europe		
london rap		United Kingdom of Great Britain and Northern Ireland	gb	Western Europe	Europe		
louisville indie		United States of America	us	Northern America	America		
lounge							
lowercase							
lullaby							
macedonian pop		Macedonia, the former Yugoslav Republic of	mk	Eastern Europe	Europe		
madchester		United Kingdom of Great Britain and Northern Ireland	gb	Western Europe	Europe		
magyar alternative		Hungary	hu	Eastern Europe	Europe		
maine indie		United States of America	us	Northern America	America		
mainland chinese pop		China	cn	Eastern Asia	Asia		
malaysian hip hop		Malaysia	my	South Eastern Asia	Asia		
malaysian indie		Malaysia	my	South Eastern Asia	Asia		
malaysian mandopop		Malaysia	my	South Eastern Asia	Asia		
malaysian pop		Malaysia	my	South Eastern Asia	Asia		
malian blues		Mali	ml	Western Africa	Africa		
maltese pop		Malta	mt	Mediterranean	Europe		
manchester hip hop		United Kingdom of Great Britain and Northern Ireland	gb	Western Europe	Europe		
manchester indie		United Kingdom of Great Britain and Northern Ireland	gb	Western Europe	Europe		
mande pop		Mali	ml	Western Africa	Africa		
mandolin							
mandopop		China	cn	Eastern Asia	Asia		
mangue bit		Brazil	br	Southern America	America		
mariachi		Mexico	mx	Central America	America		
mashup							
maskandi							
math rock							
mathcore							
mbira		Zimbabwe	zw	Southern Africa	Africa		
melancholia							
melbourne bounce		Australia	au	Oceania	Oceania		
melbourne bounce international		Australia	au	Oceania	Oceania		
melbourne indie		Australia	au	Oceania	Oceania		
mellow gold							
melodic death metal							
melodic deathcore							
melodic dubstep							
melodic hard rock							
melodic hardcore							
melodic metal							
melodic metalcore							
melodic rap							
melodipop							
meme rap							
memphis hip hop		United States of America	us	Northern America	America		
memphis soul		United States of America	us	Northern America	America		
merida indie		Mexico	mx	Central America	America		
merseybeat							
metal							
metalcore							
metropopolis							
mexican edm		Mexico	mx	Central America	America		
mexican electronic		Mexico	mx	Central America	America		
mexican hip hop		Mexico	mx	Central America	America		
mexican indie		Mexico	mx	Central America	America		
mexican pop		Mexico	mx	Central America	America		
mexican rock		Mexico	mx	Central America	America		
miami hip hop		United States of America	us	Northern America	America		
miami indie		United States of America	us	Northern America	America		
microhouse							
microtonal							
midwest emo							
milan indie							
milwaukee indie		United States of America	us	Northern America	America		
minimal tech house							
minimal techno							
minimalism							
minneapolis indie		United States of America	us	Northern America	America		
minneapolis punk		United States of America	us	Northern America	America		
minneapolis sound		United States of America	us	Northern America	America		
minnesota hip hop		United States of America	us	Northern America	America		
mizrahi				Middle Eastern	Middle Eastern		
modern alternative rock							
modern big band							
modern blues							
modern blues rock							
modern bollywood		India	in	Southern Asia	Asia		
modern country rock							
modern dream pop							
modern folk rock							
modern funk							
modern hard rock							
modern jazz piano							
modern performance							
modern power pop							
modern reggae							
modern rock							
modern salsa							
modern southern rock							
modern uplift							
moldovan pop		Moldova, Republic of	md	Eastern Europe	Europe		
montenegrin pop		Montenegro	me	Eastern Europe	Europe		
montreal indie		Canada	ca	Northern America	America		
moombahton							
morna		Cabo Verde	cv	Western Africa	Africa		
moroccan pop		Morocco	ma	Northern Africa	Africa		
motown							
movie tunes							
mpb		Brazil	br	Southern America	America		
munich electronic							
musica canaria							
musica para ninos							
musica per bambini							
musical advocacy							
musique guadeloupe		Guadeloupe	gp	Central America	America		
muzika l'yeladim							
naija worship		Nigeria	ng	Central Africa	Africa		
nashville americana							
nashville indie							
nashville singer-songwriter							
nashville sound							
native american							
nc hip hop							
nederpop							
neo classical metal							
neo mellow							
neo r&b							
neo soul							
neo-classical							
neo-psychedelic							
neo-singer-songwriter							
neo-synthpop							
neo-trad metal							
neoclassical							
neon pop punk							
neue deutsche harte							
new age							
new americana							
new french touch							
new jack swing							
new jersey hardcore							
new jersey indie							
new jersey punk							
new jersey rap							
new orleans funk							
new orleans jazz							
new orleans rap							
new rave							
new romantic							
new wave							
new wave pop							
new weird america							
nice indie							
nigerian hip hop		Nigeria	ng	Central Africa	Africa		
nigerian pop		Nigeria	ng	Central Africa	Africa		
nightrun							
ninja							
no wave							
noise pop							
noise rock							
nordic house		Norway	no	Northern Europe	Europe		
nordic post-rock		Norway	no	Northern Europe	Europe		
nordic soundtrack							
norteno		Mexico	mx	Central America	America		
north east england indie							
northern soul							
norwegian country		Norway	no	Northern Europe	Europe		
norwegian hip hop		Norway	no	Northern Europe	Europe		
norwegian indie		Norway	no	Northern Europe	Europe		
norwegian pop		Norway	no	Northern Europe	Europe		
norwegian pop rap		Norway	no	Northern Europe	Europe		
norwegian rock		Norway	no	Northern Europe	Europe		
nottingham indie							
nouvelle chanson francaise							
nova mpb							
novelty							
nu disco							
nu gaze							
nu jazz							
nu metal							
nu-cumbia		Colombia	co	Southern America	America		
nu-metalcore							
nueva cancion							
nursery							
nyc pop							
nyc rap							
nyhc							
nz christian							
nz hip hop							
nz pop							
oakland indie							
oi							
okc indie							
okinawan pop		Japan	jp	Eastern Asia	Asia		
oklahoma country							
oktoberfest							
old school dancehall							
old school hip hop							
ontario indie							
opera							
operatic pop							
opm							
oratory							
orchestra							
orchestral performance							
organic electronic							
oriental metal							
orlando indie							
oslo indie							
otacore							
ottawa indie							
ottawa rap							
outlaw country							
outsider							
outsider house							
oxford indie							
oyun havasi		Turkey	tr	Middle Eastern	Middle Eastern		
p funk							
pagode							
pagode baiano		Brazil	br	Southern America	America		
palestinian pop							
palm desert scene							
panamanian pop		Panama	pa	Central America	America		
parody							
partyschlager							
pennsylvania hardcore							
permanent wave							
pernambuco alternative							
perreo		Puerto Rico	pr	Central America	America		
persian pop							
perth indie							
peruvian hip hop		Peru	pe	Southern America	America		
philly indie							
philly rap							
philly soul							
phonk							
piano blues							
piano cover							
piano rock							
pinoy alternative rap		Philippines	ph	South Eastern Asia	Asia		
pinoy hip hop		Philippines	ph	South Eastern Asia	Asia		
pinoy indie		Philippines	ph	South Eastern Asia	Asia		
pinoy pop punk		Philippines	ph	South Eastern Asia	Asia		
pinoy praise		Philippines	ph	South Eastern Asia	Asia		
pinoy r&b		Philippines	ph	South Eastern Asia	Asia		
pinoy reggae		Philippines	ph	South Eastern Asia	Asia		
pinoy rock		Philippines	ph	South Eastern Asia	Asia		
pinoy trap		Philippines	ph	South Eastern Asia	Asia		
pittsburgh indie							
pittsburgh rap							
pixie							
poetry							
polish choir		Poland	pl	Eastern Europe	Europe		
polish contemporary classical		Poland	pl	Eastern Europe	Europe		
polish electronica		Poland	pl	Eastern Europe	Europe		
polish folk							
polish hip hop		Poland	pl	Eastern Europe	Europe		
polish indie							
polish pop							
polish trap		Poland	pl	Eastern Europe	Europe		
polish underground hip hop		Poland	pl	Eastern Europe	Europe		
pony							
pop							
pop argentino							
pop catracho							
pop chileno							
pop edm							
pop emo							
pop flamenco							
pop folk							
pop house							
pop nacional							
pop punk							
pop quebecois							
pop rap							
pop reggaeton							
pop rock							
pop romantico							
pop urbaine							
popping							
popwave							
portland hip hop							
portland indie							
portsmouth indie							
portuguese indie		Portugal	pt	Western Europe	Europe		
portuguese pop		Portugal	pt	Western Europe	Europe		
post-disco							
post-grunge							
post-hardcore							
post-metal							
post-minimalism							
post-post-hardcore							
post-punk							
post-punk argentina		Argentina	ar	Southern America	America		
post-rock							
post-romantic era							
post-screamo							
post-teen pop							
power metal							
praise							
progressive bluegrass							
progressive electro house							
progressive house							
progressive jazz fusion							
progressive metal							
progressive metalcore							
progressive post-hardcore							
progressive psytrance							
progressive rock							
progressive sludge							
progressive trance							
progressive trance house							
progressive uplifting trance							
protopunk							
psychedelic doom							
psychedelic rock							
psychedelic trance							
psychill							
pub rock							
puerto rican pop		Puerto Rico	pr	Central America	America		
puglia indie							
punjabi pop		India	in	Southern Asia	Asia		
punk							
punk blues							
quebec indie		Canada	ca	Northern America	America		
queens hip hop							
queercore							
quiet storm							
r&b							
r&b argentino		Argentina	ar	Southern America	America		
r&b brasileiro		Brazil	br	Southern America	America		
r&b en espanol		Spain	es	Western Europe	Europe		
ragga jungle							
ranchera		Mexico	mx	Central America	America		
rap							
rap algerien		Algeria	dz	Northern Africa	Africa		
rap antillais							
rap baiano		Brazil	br	Southern America	America		
rap calme							
rap catalan							
rap chileno							
rap conscient							
rap cristiano							
rap dominicano							
rap feminino nacional							
rap francais							
rap ivoire							
rap kreyol							
rap latina							
rap marseille		Spain	es	Western Europe	Europe		
rap metal							
rap montrealais							
rap napoletano							
rap rock							
rap sardegna							
rap tunisien		Tunisia	tn	Northern Africa	Africa		
rave							
raw techno							
reading indie							
rebel blues							
redneck							
reggae							
reggae catala							
reggae en espanol							
reggae fusion							
reggae rock							
reggaeton							
reggaeton chileno							
reggaeton flow							
regional mexican							
regional mexican pop							
retro soul							
rhode island indie							
rhythm and blues							
riddim							
rif							
ritmo kombina							
rochester mn indie							
rochester ny indie							
rock							
rock alternativo espanol							
rock chapin							
rock drums							
rock en espanol		Spain	es	Western Europe	Europe		
rock gaucho							
rock nacional							
rock nacional brasileiro		Brazil	br	Southern America	America		
rock-and-roll							
rockabilly							
romanian pop		Romania	ro	Eastern Europe	Europe		
rome indie		Italy	it	Western Europe	Europe		
roots reggae							
roots rock							
roots worship							
russelater							
russian ccm		Russian Federation	ru	Russia	Europe		
russian dance		Russian Federation	ru	Russia	Europe		
russian dance pop		Russian Federation	ru	Russia	Europe		
russian gangster rap		Russian Federation	ru	Russia	Europe		
russian hip hop		Russian Federation	ru	Russia	Europe		
russian indie		Russian Federation	ru	Russia	Europe		
russian jazz		Russian Federation	ru	Russia	Europe		
russian pop		Russian Federation	ru	Russia	Europe		
russian punk		Russian Federation	ru	Russia	Europe		
russian reggae		Russian Federation	ru	Russia	Europe		
russian trap		Russian Federation	ru	Russia	Europe		
rva indie							
sacramento indie		United States of America	us	Northern America	America		
salsa		Brazil	br	Southern America	America		
salsa choke		Brazil	br	Southern America	America		
salsa peruana		Peru	pe	Southern America	America		
salsa puertorriquena		Puerto Rico	pr	Central America	America		
samba		Brazil	br	Southern America	America		
samba de roda		Brazil	br	Southern America	America		
samba reggae		Brazil	br	Southern America	America		
sami				Northern Europe	Europe		
san diego indie		United States of America	us	Northern America	America		
san diego rap		United States of America	us	Northern America	America		
saskatchewan indie		Canada	ca	Northern America	America		
scandinavian r&b				Northern Europe	Europe		
scandipop				Northern Europe	Europe		
schlager		Germany	de	Western Europe	Europe		
scorecore							
scottish hip hop		United Kingdom of Great Britain and Northern Ireland	gb	Western Europe	Europe		
scottish indie		United Kingdom of Great Britain and Northern Ireland	gb	Western Europe	Europe		
scottish indie rock		United Kingdom of Great Britain and Northern Ireland	gb	Western Europe	Europe		
scottish new wave		United Kingdom of Great Britain and Northern Ireland	gb	Western Europe	Europe		
scottish rock		United Kingdom of Great Britain and Northern Ireland	gb	Western Europe	Europe		
scratch							
scream rap							
screamo							
seattle indie		United States of America	us	Northern America	America		
sefardi							
sega mauricien		Mauritius	mu	Southern Africa	Africa		
semba		Angola	ao	Southern Africa	Africa		
sertanejo		Brazil	br	Southern America	America		
sertanejo pop		Brazil	br	Southern America	America		
sertanejo universitario		Brazil	br	Southern America	America		
sevdah		Bosnia and Herzegovina	ba	Eastern Europe	Europe		
sheffield indie							
shibuya-kei		Japan	jp	Eastern Asia	Asia		
shimmer pop							
shimmer psych							
shiver pop							
shoegaze							
show tunes							
singaporean electronic		Singapore	sg	South Eastern Asia	Asia		
singaporean hip hop		Singapore	sg	South Eastern Asia	Asia		
singaporean indie		Singapore	sg	South Eastern Asia	Asia		
singaporean mandopop		Singapore	sg	South Eastern Asia	Asia		
singaporean pop		Singapore	sg	South Eastern Asia	Asia		
singaporean singer-songwriter		Singapore	sg	South Eastern Asia	Asia		
singer-songwriter							
sinogaze		China	cn	Eastern Asia	Asia		
ska							
ska argentino		Argentina	ar	Southern America	America		
skate punk							
sky room							
slayer							
sleep							
slovenian electronic		Slovenia	si	Eastern Europe	Europe		
slovenian pop		Slovenia	si	Eastern Europe	Europe		
slow core							
sludge metal							
small room							
smooth jazz							
soca		Trinidad and Tobago	tt	Central America	America		
socal pop punk							
social media pop							
soft rock							
solipsynthm							
soul							
soul blues							
soul jazz							
sound art							
sound team							
soundtrack							
south african alternative		South Africa	za	Southern Africa	Africa		
south african choral		South Africa	za	Southern Africa	Africa		
south african country		South Africa	za	Southern Africa	Africa		
south african electronic		South Africa	za	Southern Africa	Africa		
south african gospel		South Africa	za	Southern Africa	Africa		
south african hip hop		South Africa	za	Southern Africa	Africa		
south african jazz		South Africa	za	Southern Africa	Africa		
south african pop		South Africa	za	Southern Africa	Africa		
south african rock		South Africa	za	Southern Africa	Africa		
southeast asian post-rock				South Eastern Asia	Asia		
southern hip hop							
southern rock							
southern soul							
space rock							
spanish hip hop		Spain	es	Western Europe	Europe		
spanish indie pop		Spain	es	Western Europe	Europe		
spanish modern rock		Spain	es	Western Europe	Europe		
spanish noise pop		Spain	es	Western Europe	Europe		
spanish pop		Spain	es	Western Europe	Europe		
spanish pop rock		Spain	es	Western Europe	Europe		
spanish rock		Spain	es	Western Europe	Europe		
speed metal							
springfield mo indie							
stockholm indie							
stomp and flutter							
stomp and holler							
stomp pop							
stoner metal							
stoner rock							
straight edge							
straight-ahead jazz							
stride							
string quartet							
strut							
sudanese pop		Sudan	sd	Eastern Africa	Africa		
sufi		Turkey	tr	Middle Eastern	Middle Eastern		
sungura		Zimbabwe	zw	Southern Africa	Africa		
sunshine pop							
suomi rock		Finland	fi	Northern Europe	Europe		
supergroup							
surf music							
swancore							
swedish alternative rock		Sweden	se	Northern Europe	Europe		
swedish americana		Sweden	se	Northern Europe	Europe		
swedish country		Sweden	se	Northern Europe	Europe		
swedish dancehall		Sweden	se	Northern Europe	Europe		
swedish death metal		Sweden	se	Northern Europe	Europe		
swedish electropop		Sweden	se	Northern Europe	Europe		
swedish eurodance		Sweden	se	Northern Europe	Europe		
swedish gangsta rap		Sweden	se	Northern Europe	Europe		
swedish hip hop		Sweden	se	Northern Europe	Europe		
swedish idol pop		Sweden	se	Northern Europe	Europe		
swedish indie pop		Sweden	se	Northern Europe	Europe		
swedish indie rock		Sweden	se	Northern Europe	Europe		
swedish jazz		Sweden	se	Northern Europe	Europe		
swedish metal		Sweden	se	Northern Europe	Europe		
swedish pop		Sweden	se	Northern Europe	Europe		
swedish power metal		Sweden	se	Northern Europe	Europe		
swedish reggae		Sweden	se	Northern Europe	Europe		
swedish singer-songwriter		Sweden	se	Northern Europe	Europe		
swedish soul		Sweden	se	Northern Europe	Europe		
swedish synth		Sweden	se	Northern Europe	Europe		
swedish synthpop		Sweden	se	Northern Europe	Europe		
swedish trap		Sweden	se	Northern Europe	Europe		
swedish tropical house		Sweden	se	Northern Europe	Europe		
swedish urban		Sweden	se	Northern Europe	Europe		
swing							
swiss house		Switzerland	ch	Western Europe	Europe		
swiss pop		Switzerland	ch	Western Europe	Europe		
swiss techno		Switzerland	ch	Western Europe	Europe		
symphonic metal							
symphonic power metal							
symphonic rock							
synthpop							
taiwan campus folk		Taiwan, Province of China[a]	tw	Eastern Asia	Asia		
taiwan electronic		Taiwan, Province of China[a]	tw	Eastern Asia	Asia		
taiwan experimental		Taiwan, Province of China[a]	tw	Eastern Asia	Asia		
taiwan hip hop		Taiwan, Province of China[a]	tw	Eastern Asia	Asia		
taiwan indie		Taiwan, Province of China[a]	tw	Eastern Asia	Asia		
taiwan instrumental		Taiwan, Province of China[a]	tw	Eastern Asia	Asia		
taiwan metal		Taiwan, Province of China[a]	tw	Eastern Asia	Asia		
taiwan pop		Taiwan, Province of China[a]	tw	Eastern Asia	Asia		
taiwan punk		Taiwan, Province of China[a]	tw	Eastern Asia	Asia		
taiwan rock		Taiwan, Province of China[a]	tw	Eastern Asia	Asia		
taiwan singer-songwriter		Taiwan, Province of China[a]	tw	Eastern Asia	Asia		
taiwanese indigenous		Taiwan, Province of China[a]	tw	Eastern Asia	Asia		
taiwanese pop		Taiwan, Province of China[a]	tw	Eastern Asia	Asia		
talent show							
tamil pop		India	in	Southern Asia	Asia		
tampa indie		United States of America	us	Northern America	America		
tech house							
techno							
teen pop							
texas blues		United States of America	us	Northern America	America		
texas country		United States of America	us	Northern America	America		
thai folk		Thailand	th	South Eastern Asia	Asia		
thai hip hop		Thailand	th	South Eastern Asia	Asia		
thai idol		Thailand	th	South Eastern Asia	Asia		
thai indie		Thailand	th	South Eastern Asia	Asia		
thai indie pop		Thailand	th	South Eastern Asia	Asia		
thai indie rock		Thailand	th	South Eastern Asia	Asia		
thai pop		Thailand	th	South Eastern Asia	Asia		
thai rock		Thailand	th	South Eastern Asia	Asia		
tipico							
tollywood		India	in	Southern Asia	Asia		
torch song							
toronto indie		Canada	ca	Northern America	America		
toronto rap		Canada	ca	Northern America	America		
traditional blues							
traditional country							
traditional folk							
traditional funk							
trance							
trancecore							
transpop							
trap							
trap argentino		Argentina	ar	Southern America	America		
trap brasileiro		Brazil	br	Southern America	America		
trap catala		Spain	es	Western Europe	Europe		
trap chileno		Chile	cl	Southern America	America		
trap espanol		Spain	es	Western Europe	Europe		
trap italiana		Italy	it	Western Europe	Europe		
trap latino							
trap mexicano		Mexico	mx	Central America	America		
trap pesado							
trap queen							
trap soul							
trap tuga		Portugal	pt	Western Europe	Europe		
traprun							
trip hop							
tropical							
tropical house							
trova		Cuba	cu	Central America	America		
turin indie		Italy	it	Western Europe	Europe		
turkish alternative		Turkey	tr	Middle Eastern	Middle Eastern		
turkish alternative rock		Turkey	tr	Middle Eastern	Middle Eastern		
turkish edm		Turkey	tr	Middle Eastern	Middle Eastern		
turkish folk		Turkey	tr	Middle Eastern	Middle Eastern		
turkish hip hop		Turkey	tr	Middle Eastern	Middle Eastern		
turkish jazz		Turkey	tr	Middle Eastern	Middle Eastern		
turkish modern jazz		Turkey	tr	Middle Eastern	Middle Eastern		
turkish pop		Turkey	tr	Middle Eastern	Middle Eastern		
turkish psych		Turkey	tr	Middle Eastern	Middle Eastern		
turkish rock		Turkey	tr	Middle Eastern	Middle Eastern		
turkish singer-songwriter		Turkey	tr	Middle Eastern	Middle Eastern		
turkish trap		Turkey	tr	Middle Eastern	Middle Eastern		
turkish trap pop		Turkey	tr	Middle Eastern	Middle Eastern		
turntablism							
twee pop							
twoubadou		Haiti	ht	Central America	America		
tzadik							
uae indie		United Arab Emirates	ae	Middle Eastern	Middle Eastern		
ugandan pop		Uganda	ug	Central Africa	Africa		
uk alternative hip hop		United Kingdom of Great Britain and Northern Ireland	gb	Western Europe	Europe		
uk alternative pop		United Kingdom of Great Britain and Northern Ireland	gb	Western Europe	Europe		
uk americana		United Kingdom of Great Britain and Northern Ireland	gb	Western Europe	Europe		
uk christian rap		United Kingdom of Great Britain and Northern Ireland	gb	Western Europe	Europe		
uk contemporary r&b		United Kingdom of Great Britain and Northern Ireland	gb	Western Europe	Europe		
uk dance		United Kingdom of Great Britain and Northern Ireland	gb	Western Europe	Europe		
uk dancehall		United Kingdom of Great Britain and Northern Ireland	gb	Western Europe	Europe		
uk drill		United Kingdom of Great Britain and Northern Ireland	gb	Western Europe	Europe		
uk funky		United Kingdom of Great Britain and Northern Ireland	gb	Western Europe	Europe		
uk hip hop		United Kingdom of Great Britain and Northern Ireland	gb	Western Europe	Europe		
uk house		United Kingdom of Great Britain and Northern Ireland	gb	Western Europe	Europe		
uk metalcore		United Kingdom of Great Britain and Northern Ireland	gb	Western Europe	Europe		
uk pop		United Kingdom of Great Britain and Northern Ireland	gb	Western Europe	Europe		
uk pop punk		United Kingdom of Great Britain and Northern Ireland	gb	Western Europe	Europe		
uk post-punk		United Kingdom of Great Britain and Northern Ireland	gb	Western Europe	Europe		
uk tech house		United Kingdom of Great Britain and Northern Ireland	gb	Western Europe	Europe		
uk worship		United Kingdom of Great Britain and Northern Ireland	gb	Western Europe	Europe		
ukg revival		United Kingdom of Great Britain and Northern Ireland	gb	Western Europe	Europe		
ukrainian classical		Ukraine	ua	Eastern Europe	Europe		
ukrainian electronic		Ukraine	ua	Eastern Europe	Europe		
ukrainian hip hop		Ukraine	ua	Eastern Europe	Europe		
ukrainian pop		Ukraine	ua	Eastern Europe	Europe		
ukrainian rock		Ukraine	ua	Eastern Europe	Europe		
underground hip hop							
underground power pop							
uplifting trance							
urban contemporary							
uruguayan indie		Uruguay	uy	Southern America	America		
utah indie		United States of America	us	Northern America	America		
uzbek pop		Uzbekistan	uz	Central Asia	Asia		
v-pop		Viet Nam	vn	South Eastern Asia	Asia		
vallenato							
vancouver indie		Canada	ca	Northern America	America		
vancouver punk		Canada	ca	Northern America	America		
vapor house							
vapor pop							
vapor soul							
vapor trap							
vapor twitch							
variete francaise		France	fr	Western Europe	Europe		
vegas indie		United States of America	us	Northern America	America		
venezuelan hip hop		Venezuela (Bolivarian Republic of)	ve	Southern America	America		
veracruz indie		Mexico	mx	Central America	America		
victoria bc indie		Canada	ca	Northern America	America		
video game music							
vietnamese hip hop		Viet Nam	vn	South Eastern Asia	Asia		
vintage chinese pop		China	cn	Eastern Asia	Asia		
violin							
viral pop							
viral trap							
virgin islands reggae		Virgin Islands (U.S.)	vi	Central America	America		
vispop							
visual kei		Japan	jp	Eastern Asia	Asia		
vocal harmony group							
vocal house							
vocal jazz							
vocal trance							
vogue							
volkspop							
waiata maori							
warm drone							
washington indie		United States of America	us	Northern America	America		
wassoulou					Africa		
welsh indie		United Kingdom of Great Britain and Northern Ireland	gb	Western Europe	Europe		
welsh metal		United Kingdom of Great Britain and Northern Ireland	gb	Western Europe	Europe		
welsh rock		United Kingdom of Great Britain and Northern Ireland	gb	Western Europe	Europe		
west coast rap		United States of America	us	Northern America	America		
west coast trap		United States of America	us	Northern America	America		
wonky							
world							
world chill							
world fusion							
world worship							
worship							
wrestling							
wu fam		United States of America	us	Northern America	America		
xhosa							
yacht rock							
ye ye							
yodeling		Switzerland	ch	Western Europe	Europe		
yoik				Northern Europe	Europe		
york indie		United Kingdom of Great Britain and Northern Ireland	gb	Western Europe	Europe		
zapstep							
zhongguo feng		China	cn	Eastern Asia	Asia		
zim urban groove		Nigeria	ng	Central Africa	Africa		
zimdancehall		Nigeria	ng	Central Africa	Africa		
zolo							